Total Length,Execute Time
1,35.28396797180176
2,37.373952865600586
3,37.23878288269043
4,37.26108741760254
5,37.70163345336914
6,37.37395095825195
7,37.42214393615723
8,37.48044776916504
9,37.45568084716797
10,37.68934440612793
11,37.67168045043945
12,37.582847595214844
13,37.84089469909668
14,37.67295837402344
15,37.828481674194336
16,37.78563117980957
17,44.628990173339844
18,44.32486343383789
19,44.57062339782715
20,44.40575981140137
21,44.78259086608887
22,44.492544174194336
23,44.410783767700195
24,44.74758529663086
25,44.58291053771973
26,44.75391960144043
27,44.60339164733887
28,44.561248779296875
29,44.97408103942871
30,45.41440010070801
31,45.088768005371094
32,45.09475135803223
33,44.028926849365234
34,44.01561737060547
35,44.1343994140625
36,44.130239486694336
37,44.19276809692383
38,44.52864074707031
39,44.16115188598633
40,44.229631423950195
41,44.24384117126465
42,44.645376205444336
43,44.294145584106445
44,44.72524642944336
45,44.37401580810547
46,44.36582374572754
47,44.479488372802734
48,44.429311752319336
49,44.478431701660156
50,44.674848556518555
51,44.622846603393555
52,44.57779121398926
53,44.81126403808594
54,44.654815673828125
55,44.92697715759277
56,44.95382499694824
57,44.70150375366211
58,44.69353675842285
59,43.96835136413574
60,44.064767837524414
61,43.92937660217285
62,44.2573127746582
63,43.876352310180664
64,43.894784927368164
65,44.11494445800781
66,44.429311752319336
67,44.218238830566406
68,44.200958251953125
69,45.1409912109375
70,45.18092918395996
71,45.48793601989746
72,45.50876808166504
73,45.51670265197754
74,45.469791412353516
75,44.65660858154297
76,44.35251235961914
77,44.439552307128906
78,44.81945610046387
79,44.75801658630371
80,44.42291259765625
81,44.60723304748535
82,45.10515213012695
83,45.1176643371582
84,45.255489349365234
85,45.19942283630371
86,45.20159912109375
87,45.19923210144043
88,46.537343978881836
89,46.257150650024414
90,46.272254943847656
91,46.306304931640625
92,46.330848693847656
93,46.709760665893555
94,46.73952102661133
95,46.77324676513672
96,46.78246307373047
97,47.759361267089844
98,47.78291320800781
99,47.90585708618164
100,47.82809638977051
101,48.05836868286133
102,48.16096115112305
103,47.85868835449219
104,47.87609672546387
105,47.920928955078125
106,48.00080108642578
107,47.94361686706543
108,48.087039947509766
109,48.31436729431152
110,48.39526557922363
111,48.060224533081055
112,48.05107307434082
113,47.63033676147461
114,47.56991958618164
115,47.91196632385254
116,47.76041603088379
117,47.64774513244629
118,47.600446701049805
119,47.60960006713867
120,47.727617263793945
121,47.665151596069336
122,47.679264068603516
123,47.68537712097168
124,47.706111907958984
125,48.076799392700195
126,47.77471923828125
127,47.741952896118164
128,47.76665496826172
129,60.127201080322266
130,59.96828842163086
131,60.02383995056152
132,60.20528030395508
133,60.020606994628906
134,60.02771186828613
135,60.023902893066406
136,60.070913314819336
137,60.02688026428223
138,60.05548858642578
139,60.0524787902832
140,60.29721641540527
141,60.067617416381836
142,60.222463607788086
143,60.1343994140625
144,60.11609649658203
145,60.15382385253906
146,60.13951873779297
147,60.34841537475586
148,60.158687591552734
149,60.39347267150879
150,60.19686508178711
151,68.7196159362793
152,68.73411178588867
153,68.9070053100586
154,68.95808029174805
155,68.89574432373047
156,68.83327865600586
157,68.74214553833008
158,68.75033569335938
159,68.84579467773438
160,69.0113296508789
161,68.89983749389648
162,68.83523178100586
163,68.91711807250977
164,68.8301773071289
165,68.93964767456055
166,68.83839797973633
167,68.85785675048828
168,69.91062545776367
169,69.79174423217773
170,69.57567977905273
171,69.57977676391602
172,69.81820678710938
173,69.74678421020508
174,69.64838409423828
175,69.5920639038086
176,69.72825622558594
177,69.6154899597168
178,69.61894607543945
179,69.61344146728516
180,69.61459350585938
181,69.609375
182,69.68745803833008
183,69.61040115356445
184,69.71811294555664
185,70.03532791137695
186,70.09257888793945
187,69.3278694152832
188,69.4988784790039
189,69.32377624511719
190,69.31763076782227
191,69.32559967041016
192,69.33078384399414
193,70.42457580566406
194,70.53705596923828
195,70.36809539794922
196,70.4490852355957
197,70.54028701782227
198,70.38441848754883
199,70.45017623901367
200,70.39190292358398
201,70.59353637695312
202,70.40921401977539
203,70.45734405517578
204,70.51168060302734
205,70.60275268554688
206,70.49529647827148
207,70.41740798950195
208,70.43484497070312
209,70.42444610595703
210,70.50752258300781
211,70.45011138916016
212,70.66828918457031
213,70.45027160644531
214,70.6446418762207
215,70.46451187133789
216,70.46656036376953
217,70.66022491455078
218,70.46783828735352
219,70.4738883972168
220,70.49008178710938
221,70.48499298095703
222,70.66009521484375
223,70.49625778198242
224,70.53823852539062
225,69.72396850585938
226,69.73459243774414
227,69.7416000366211
228,69.73731231689453
229,69.94841766357422
230,69.94841766357422
231,69.78355026245117
232,69.80198669433594
233,69.76512145996094
234,69.78258895874023
235,69.78252792358398
236,69.78851318359375
237,69.84294509887695
238,69.79984283447266
239,69.80300903320312
240,69.84089660644531
241,69.84294509887695
242,69.87776184082031
243,69.83695983886719
244,70.02418899536133
245,69.8787841796875
246,69.87263870239258
247,69.90358352661133
248,69.90313720703125
249,70.00707244873047
250,69.92070388793945
251,69.92895889282227
252,70.12866973876953
253,69.96582412719727
254,69.95763397216797
255,69.95148849487305
256,69.97510528564453
257,95.67257690429688
258,95.6599349975586
259,95.6591682434082
260,95.65798568725586
261,95.79945755004883
262,95.82694244384766
263,95.68950271606445
264,95.69667434692383
265,95.68460845947266
266,95.69792175292969
267,95.69798278808594
268,95.7122573852539
269,95.71513748168945
270,95.90067291259766
271,95.77472305297852
272,95.90380859375
273,95.73142623901367
274,95.79920196533203
275,95.73372650146484
276,95.73484802246094
277,96.07778930664062
278,96.11161804199219
279,96.10342407226562
280,96.11481857299805
281,96.28956985473633
282,96.13833618164062
283,96.12796783447266
284,96.13311767578125
285,96.13619232177734
286,96.20211029052734
287,96.13516998291016
288,96.34099197387695
289,96.15491104125977
290,96.23142623901367
291,96.18841552734375
292,96.14863967895508
293,96.17612838745117
294,96.29712295532227
295,96.16486358642578
296,96.19676971435547
297,96.24371337890625
298,96.22195434570312
299,96.1844482421875
300,96.24556732177734
301,96.19558334350586
302,96.37459182739258
303,96.19865417480469
304,96.21913528442383
305,96.20256042480469
306,96.21401596069336
307,96.21503829956055
308,96.25187301635742
309,95.23097610473633
310,95.22575759887695
311,95.24121475219727
312,95.22988510131836
313,95.09683227539062
314,95.26473617553711
315,95.06611251831055
316,95.06204605102539
317,95.09055709838867
318,95.07123184204102
319,95.16236877441406
320,95.12860488891602
321,96.69939422607422
322,96.52316665649414
323,96.54579162597656
324,96.51500701904297
325,96.54256057739258
326,96.5366096496582
327,96.57036590576172
328,96.72806549072266
329,96.54272079467773
330,96.53535842895508
331,96.75878143310547
332,96.57651138305664
333,96.74477005004883
334,96.59692764282227
335,96.76902389526367
336,96.58777618408203
337,96.55500793457031
338,96.56831741333008
339,96.56098937988281
340,96.63078308105469
341,96.60121536254883
342,96.59913635253906
343,96.67276763916016
344,96.64796829223633
345,96.63708877563477
346,96.61657333374023
347,96.62566375732422
348,96.62361526489258
349,96.62156677246094
350,96.65923309326172
351,96.65945434570312
352,96.84262084960938
353,96.63993453979492
354,96.65126419067383
355,96.65228652954102
356,96.68812561035156
357,96.86518478393555
358,96.7116813659668
359,96.72278594970703
360,96.72499084472656
361,96.70348739624023
362,96.86908721923828
363,96.69347381591797
364,96.69836807250977
365,96.71680068969727
366,96.73113632202148
367,96.75785827636719
368,96.76185607910156
369,97.0365104675293
370,97.04447937011719
371,97.06073760986328
372,96.98803329467773
373,97.11955261230469
374,97.26671981811523
375,97.19705581665039
376,97.12025833129883
377,97.0599365234375
378,97.2410888671875
379,97.29654312133789
380,97.13459396362305
381,97.16502380371094
382,97.14988708496094
383,97.15497589111328
384,97.1673583984375
385,130.35718536376953
386,130.29068756103516
387,130.2988739013672
388,130.3652801513672
389,130.59789276123047
390,130.37132263183594
391,130.36202239990234
392,130.3736343383789
393,130.35417938232422
394,130.4269790649414
395,130.41458892822266
396,130.55999755859375
397,130.45555114746094
398,130.38375091552734
399,130.3980484008789
400,130.42671966552734
401,130.44713592529297
402,130.41990661621094
403,130.4279022216797
404,130.4453125
405,130.43199920654297
406,130.41561889648438
407,130.45555114746094
408,130.43609619140625
409,130.4636459350586
410,130.45964813232422
411,130.4677734375
412,130.47605895996094
413,130.55999755859375
414,130.6460189819336
415,130.49036407470703
416,130.46271514892578
417,130.482177734375
418,130.47705841064453
419,130.49958038330078
420,130.48210906982422
421,130.5005111694336
422,130.63782501220703
423,130.68915557861328
424,130.52108764648438
425,130.6090850830078
426,130.55181121826172
427,130.7289581298828
428,130.69210052490234
429,130.54258728027344
430,130.55078125
431,130.71269989013672
432,130.62252807617188
433,130.5722885131836
434,130.6808319091797
435,130.6050567626953
436,130.61529541015625
437,130.75763702392578
438,130.58236694335938
439,130.58765411376953
440,130.6265640258789
441,130.6089324951172
442,130.62738800048828
443,130.6408920288086
444,130.62655639648438
445,130.6294403076172
446,130.6429443359375
447,130.64083862304688
448,130.73197174072266
449,131.1018295288086
450,131.12012481689453
451,130.9450225830078
452,130.9674835205078
453,130.96742248535156
454,131.12931060791016
455,131.0681610107422
456,130.96646118164062
457,131.00857543945312
458,131.00128173828125
459,131.0383071899414
460,131.01567840576172
461,131.43475341796875
462,131.29625701904297
463,131.28704071044922
464,131.31788635253906
465,131.39871978759766
466,131.34950256347656
467,131.33517456054688
468,131.35247802734375
469,131.3843231201172
470,131.3750762939453
471,131.3678436279297
472,131.48672485351562
473,131.4324493408203
474,131.39350128173828
475,131.56556701660156
476,131.56537628173828
477,131.17644500732422
478,131.00150299072266
479,131.00531005859375
480,131.01673889160156
481,131.0218276977539
482,131.0558090209961
483,131.03094482421875
484,131.04000091552734
485,131.05445861816406
486,131.0504913330078
487,131.138427734375
488,131.11500549316406
489,131.50527954101562
490,131.68844604492188
491,131.50310516357422
492,131.5550079345703
493,131.69232177734375
494,131.54796600341797
495,131.56253051757812
496,131.63213348388672
497,131.71498107910156
498,131.58399963378906
499,131.5962905883789
500,131.58316802978516
501,131.5583953857422
502,131.55123138427734
503,131.56533813476562
504,131.5664291381836
505,131.60652923583984
506,131.61283111572266
507,131.6126708984375
508,131.60755157470703
509,131.60448455810547
510,131.6446075439453
511,131.70687866210938
512,131.66358184814453
513,162.38150024414062
514,162.1923828125
515,162.21695709228516
516,162.2293472290039
517,162.2423324584961
518,162.25212860107422
519,162.22966766357422
520,162.2978515625
521,162.25279998779297
522,162.2466583251953
523,162.34272003173828
524,162.29251098632812
525,162.2969970703125
526,162.30809783935547
527,162.50444793701172
528,162.40642547607422
529,162.33164978027344
530,162.36953735351562
531,162.40332794189453
532,162.3212127685547
533,162.32982635498047
534,162.36441802978516
535,162.5518035888672
536,162.37654876708984
537,162.38384246826172
538,162.37670135498047
539,162.44837951660156
540,162.4053726196289
541,162.4126434326172
542,162.43405151367188
543,162.42169189453125
544,162.44307708740234
545,162.64569091796875
546,162.45655059814453
547,162.47506713867188
548,162.49343872070312
549,162.52722930908203
550,162.50867462158203
551,162.59261322021484
552,162.56841278076172
553,162.9483184814453
554,162.82035064697266
555,162.81084442138672
556,162.83545684814453
557,162.82614135742188
558,162.84364318847656
559,162.9153289794922
560,162.92659759521484
561,162.9193878173828
562,162.91763305664062
563,162.92864227294922
564,162.98700714111328
565,163.0382080078125
566,162.98905181884766
567,163.0011215209961
568,163.16006469726562
569,163.08531188964844
570,163.06079864501953
571,163.06668853759766
572,163.0730209350586
573,163.08326721191406
574,163.11599731445312
575,163.2184295654297
576,163.14806365966797
577,161.4417953491211
578,161.40259552001953
579,161.43667602539062
580,161.46636199951172
581,161.5287628173828
582,161.59027099609375
583,161.55648040771484
584,161.56671905517578
585,161.6199722290039
586,161.6947250366211
587,161.60979461669922
588,161.61581420898438
589,161.66502380371094
590,161.64166259765625
591,161.60153198242188
592,161.6341781616211
593,161.63961791992188
594,161.7592315673828
595,161.67212677001953
596,161.8403549194336
597,161.7274932861328
598,161.6783676147461
599,161.80419158935547
600,161.71299743652344
601,161.62025451660156
602,161.67526245117188
603,161.7826919555664
604,161.68831634521484
605,161.82784271240234
606,161.8718719482422
607,161.84422302246094
608,161.78585815429688
609,161.78479766845703
610,161.84950256347656
611,161.81145477294922
612,161.79212951660156
613,161.81138610839844
614,161.82781219482422
615,161.9220428466797
616,161.79199981689453
617,161.94754791259766
618,161.78477478027344
619,161.85449981689453
620,161.89542388916016
621,161.99737548828125
622,162.05318450927734
623,161.8831329345703
624,161.9220428466797
625,161.97705841064453
626,162.0111312866211
627,161.96710205078125
628,161.9916763305664
629,162.0316162109375
630,162.01817321777344
631,162.0469741821289
632,162.00191497802734
633,162.05926513671875
634,161.980224609375
635,162.08092498779297
636,162.08588409423828
637,162.1070098876953
638,162.07772827148438
639,162.16474151611328
640,162.1347885131836
641,193.21043395996094
642,192.80579376220703
643,193.01683807373047
644,192.9707489013672
645,193.15302276611328
646,193.09561920166016
647,193.1458511352539
648,193.1499481201172
649,193.14093017578125
650,193.35782623291016
651,193.26258850097656
652,193.41500854492188
653,193.2976303100586
654,193.27385711669922
655,193.28079986572266
656,193.43036651611328
657,193.30457305908203
658,193.25542449951172
659,193.20738983154297
660,193.38861083984375
661,193.34239959716797
662,193.5103988647461
663,193.5308837890625
664,193.4786605834961
665,193.40697479248047
666,193.47148895263672
667,193.29328155517578
668,193.35782623291016
669,193.3656005859375
670,193.274658203125
671,193.45616149902344
672,193.44281768798828
673,193.39571380615234
674,193.48595428466797
675,193.4561309814453
676,193.45813751220703
677,193.3383331298828
678,193.47449493408203
679,193.47267150878906
680,193.41619873046875
681,193.4407730102539
682,193.6176300048828
683,193.62201690673828
684,193.51651000976562
685,193.5430679321289
686,193.50323486328125
687,193.46390533447266
688,193.4755859375
689,193.4735336303711
690,193.73257446289062
691,193.49996948242188
692,193.68243408203125
693,193.5327377319336
694,193.53292846679688
695,193.62493133544922
696,193.48499298095703
697,193.64864349365234
698,193.55648040771484
699,193.60546875
700,193.6158676147461
701,193.57286071777344
702,193.64966583251953
703,193.67030334472656
704,193.65494537353516
705,190.44248962402344
706,190.4691162109375
707,190.47936248779297
708,190.44851684570312
709,190.34521484375
710,190.39427185058594
711,190.27149200439453
712,190.45989990234375
713,190.68518829345703
714,190.49164581298828
715,190.49353790283203
716,190.55615997314453
717,190.5121307373047
718,190.51007843017578
719,190.66873168945312
720,190.53567504882812
721,190.57027435302734
722,190.5579833984375
723,190.57766723632812
724,190.59645080566406
725,190.6175994873047
726,190.61436462402344
727,190.66979217529297
728,190.58892822265625
729,190.66675567626953
730,190.7763214111328
731,190.6319351196289
732,190.73817443847656
733,190.6595458984375
734,190.6676788330078
735,190.74156951904297
736,190.82341766357422
737,190.8744659423828
738,190.89126586914062
739,190.8316192626953
740,190.88819122314453
741,191.1028823852539
742,190.9219207763672
743,190.9186553955078
744,191.01583862304688
745,190.9048309326172
746,191.0650863647461
747,191.06918334960938
748,191.02406311035156
749,191.05583953857422
750,191.19207000732422
751,191.05792236328125
752,191.06499481201172
753,191.21151733398438
754,191.11219024658203
755,191.09171295166016
756,191.16748809814453
757,191.13743591308594
758,191.12857818603516
759,191.34381103515625
760,191.11538696289062
761,191.33647918701172
762,191.27193450927734
763,191.19126892089844
764,191.20117950439453
765,191.31289672851562
766,191.2063980102539
767,191.30684661865234
768,191.3210906982422
769,227.0033950805664
770,226.97267150878906
771,226.96339416503906
772,227.06995391845703
773,226.9654998779297
774,226.98377227783203
775,227.37097930908203
776,227.15184020996094
777,227.02694702148438
778,227.10678100585938
779,227.11193084716797
780,227.1417236328125
781,227.07431030273438
782,227.1444854736328
783,227.12114715576172
784,227.00038146972656
785,227.13753509521484
786,227.3771209716797
787,227.04640197753906
788,227.19261169433594
789,227.11398315429688
790,227.12195587158203
791,227.26348876953125
792,227.1856689453125
793,227.1518783569336
794,227.19084930419922
795,227.17747497558594
796,227.1744613647461
797,227.1119384765625
798,227.21916961669922
799,227.1796417236328
800,227.15692901611328
801,227.2184295654297
802,227.3105926513672
803,227.2481231689453
804,227.3687973022461
805,227.08838653564453
806,227.21208953857422
807,227.32876586914062
808,227.26758575439453
809,227.27452850341797
810,227.23853302001953
811,227.29357147216797
812,227.3165740966797
813,227.2366714477539
814,227.5186538696289
815,227.31654357910156
816,227.36083221435547
817,227.3750991821289
818,227.34700775146484
819,227.40058135986328
820,227.52870178222656
821,227.4027557373047
822,227.37999725341797
823,227.23117065429688
824,227.4238739013672
825,227.39759826660156
826,227.3955841064453
827,227.49593353271484
828,227.58895874023438
829,227.69757080078125
830,227.7171173095703
831,227.935302734375
832,227.9456329345703
833,228.16460418701172
834,228.2545928955078
835,228.22188568115234
836,228.27519989013672
837,228.17984008789062
838,228.25452423095703
839,228.18099212646484
840,228.20966339111328
841,228.2046127319336
842,228.2229766845703
843,228.27213287353516
844,228.28441619873047
845,228.32230377197266
846,228.4142074584961
847,228.32025909423828
848,228.2731475830078
849,228.53939056396484
850,228.30095672607422
851,228.3284454345703
852,228.3130874633789
853,228.4585952758789
854,228.3672637939453
855,228.42675018310547
856,228.51046752929688
857,228.37964630126953
858,228.59263610839844
859,228.5475845336914
860,228.48613739013672
861,228.42777252197266
862,228.43312072753906
863,228.45120239257812
864,228.50252532958984
865,228.4573745727539
866,228.39292907714844
867,228.49024200439453
868,228.5433578491211
869,228.56089782714844
870,228.54246520996094
871,228.48818969726562
872,228.45836639404297
873,228.70323181152344
874,228.5546875
875,228.48102569580078
876,228.8434295654297
877,228.5579833984375
878,228.4974136352539
879,228.6376953125
880,228.44416046142578
881,228.82208251953125
882,228.64476776123047
883,228.59996795654297
884,228.8373794555664
885,228.495361328125
886,228.73497009277344
887,228.66738891601562
888,228.64566802978516
889,228.6328353881836
890,228.66432189941406
891,228.68275451660156
892,228.68061065673828
893,228.76854705810547
894,228.7045135498047
895,228.62540435791016
896,228.86825561523438
897,256.57752990722656
898,256.5734405517578
899,256.47410583496094
900,256.5140075683594
901,256.5099182128906
902,256.8209991455078
903,256.66253662109375
904,256.606201171875
905,256.58367919921875
906,256.6060791015625
907,256.50665283203125
908,256.5897216796875
909,256.86854553222656
910,256.7084045410156
911,256.76185607910156
912,256.68487548828125
913,256.7055358886719
914,256.6973419189453
915,256.7157745361328
916,256.6863098144531
917,256.67999267578125
918,256.7864227294922
919,256.65411376953125
920,256.76902770996094
921,256.8652801513672
922,256.88575744628906
923,257.1243591308594
924,256.8918914794922
925,256.8253479003906
926,256.8769226074219
927,257.1335144042969
928,256.99839782714844
929,256.7823486328125
930,257.14076232910156
931,256.9913635253906
932,256.9141540527344
933,257.1091766357422
934,257.12013244628906
935,257.062744140625
936,257.0874786376953
937,257.0352020263672
938,256.99737548828125
939,256.97894287109375
940,257.09568786621094
941,257.0494384765625
942,257.0794219970703
943,257.06597900390625
944,257.0770263671875
945,257.1078796386719
946,257.31993103027344
947,257.2042236328125
948,257.20936584472656
949,257.15020751953125
950,257.1182098388672
951,257.25132751464844
952,257.259521484375
953,257.203857421875
954,257.33631896972656
955,257.35548400878906
956,257.2554168701172
957,257.1898956298828
958,257.25543212890625
959,257.26976013183594
960,257.2811584472656
961,257.79405212402344
962,257.7674255371094
963,257.89952087402344
964,257.6568298339844
965,257.8377990722656
966,257.76316833496094
967,257.7858581542969
968,257.94447326660156
969,257.85035705566406
970,257.8913269042969
971,257.94358825683594
972,257.8452453613281
973,257.85536193847656
974,257.98431396484375
975,258.0152282714844
976,258.0019226074219
977,258.1043243408203
978,257.7731475830078
979,257.9373779296875
980,258.01625061035156
981,257.9086151123047
982,258.0438995361328
983,258.2771453857422
984,257.98963928222656
985,258.0746154785156
986,258.1063995361328
987,257.9742736816406
988,258.12457275390625
989,258.1002197265625
990,258.04595947265625
991,258.1297302246094
992,258.1626892089844
993,258.0520935058594
994,258.1645050048828
995,258.0160217285156
996,258.03155517578125
997,258.13177490234375
998,258.1125030517578
999,258.16566467285156
1000,258.33677673339844
1001,258.1790771484375
1002,258.1777648925781
1003,258.2159423828125
1004,258.3121337890625
1005,258.2699432373047
1006,258.2036590576172
1007,258.1934051513672
1008,258.2692565917969
1009,258.4217529296875
1010,258.3601989746094
1011,258.21160888671875
1012,258.2807159423828
1013,258.33685302734375
1014,258.4145965576172
1015,258.44415283203125
1016,258.4176025390625
1017,258.40541076660156
1018,258.4320068359375
1019,258.4647674560547
1020,258.4801330566406
1021,258.54649353027344
1022,258.5118713378906
1023,258.5260467529297
1024,258.5436248779297
1025,274.52928161621094
1026,274.7587127685547
1027,274.79241943359375
1028,274.55255126953125
1029,274.79542541503906
1030,274.7245635986328
1031,274.5999298095703
1032,274.77708435058594
1033,274.6490783691406
1034,274.6561279296875
1035,274.8866271972656
1036,274.6521301269531
1037,274.65113830566406
1038,274.83030700683594
1039,274.9071350097656
1040,274.87335205078125
1041,274.91636657714844
1042,274.76788330078125
1043,274.92250061035156
1044,274.9630126953125
1045,274.76173400878906
1046,274.9716491699219
1047,274.75762939453125
1048,274.84877014160156
1049,275.0338439941406
1050,274.8661804199219
1051,274.9255676269531
1052,274.9734191894531
1053,274.8467254638672
1054,275.0862731933594
1055,275.00950622558594
1056,275.1448059082031
1057,275.0545959472656
1058,275.08018493652344
1059,274.9347839355469
1060,275.1027069091797
1061,275.20819091796875
1062,274.91734313964844
1063,275.2530822753906
1064,274.9131164550781
1065,275.05560302734375
1066,275.1948699951172
1067,275.1775360107422
1068,275.2007751464844
1069,275.2184295654297
1070,275.0891571044922
1071,275.06483459472656
1072,275.2716827392578
1073,275.09657287597656
1074,275.1516571044922
1075,275.26861572265625
1076,275.1191101074219
1077,275.2122802734375
1078,275.2972869873047
1079,275.0872039794922
1080,275.272705078125
1081,275.26246643066406
1082,275.297119140625
1083,275.38841247558594
1084,275.485595703125
1085,275.13958740234375
1086,275.19488525390625
1087,275.49696350097656
1088,275.25299072265625
1089,276.10826110839844
1090,275.8666229248047
1091,275.8359069824219
1092,275.9690246582031
1093,276.09010314941406
1094,275.842041015625
1095,276.0437774658203
1096,276.0066223144531
1097,275.8287353515625
1098,276.06219482421875
1099,276.0335388183594
1100,275.9229431152344
1101,276.2045440673828
1102,276.3150939941406
1103,276.00767517089844
1104,276.1697540283203
1105,276.2433624267578
1106,276.02313232421875
1107,276.1318359375
1108,276.30796813964844
1109,276.08985900878906
1110,276.29656982421875
1111,276.3573455810547
1112,276.1510467529297
1113,276.1564025878906
1114,276.5660095214844
1115,276.17893981933594
1116,276.1920623779297
1117,276.5258331298828
1118,276.537109375
1119,276.26495361328125
1120,276.4206085205078
1121,276.45849609375
1122,276.274169921875
1123,276.4613494873047
1124,276.41734313964844
1125,276.2926025390625
1126,276.4841003417969
1127,276.54042053222656
1128,276.4043884277344
1129,276.5518798828125
1130,276.5926513671875
1131,276.51173400878906
1132,276.4349060058594
1133,276.6489562988281
1134,276.4339141845703
1135,276.55865478515625
1136,276.7133331298828
1137,276.6192626953125
1138,276.4441375732422
1139,276.67845153808594
1140,276.7430725097656
1141,276.52915954589844
1142,276.5926513671875
1143,276.7779846191406
1144,276.5374450683594
1145,276.6397399902344
1146,276.78208923339844
1147,276.5854797363281
1148,276.5885314941406
1149,276.8179168701172
1150,276.76979064941406
1151,276.6201477050781
1152,276.8269805908203
1153,319.2954864501953
1154,319.2906188964844
1155,319.3490295410156
1156,319.35693359375
1157,319.3404541015625
1158,319.18267822265625
1159,319.3457489013672
1160,319.50335693359375
1161,319.44293212890625
1162,319.4389953613281
1163,319.3681945800781
1164,319.47979736328125
1165,319.4982452392578
1166,319.53407287597656
1167,319.4931335449219
1168,319.49107360839844
1169,319.42042541503906
1170,319.5811767578125
1171,319.60064697265625
1172,319.52674865722656
1173,319.6159973144531
1174,319.5904083251953
1175,319.65562438964844
1176,319.5617370605469
1177,319.6632080078125
1178,319.67027282714844
1179,319.6731872558594
1180,319.6363830566406
1181,319.6527404785156
1182,319.6569519042969
1183,319.5473937988281
1184,319.98988342285156
1185,319.7142791748047
1186,319.7398986816406
1187,319.74668884277344
1188,319.7735595703125
1189,319.7706298828125
1190,319.8771209716797
1191,319.74400329589844
1192,319.61851501464844
1193,319.889404296875
1194,319.6581726074219
1195,319.8566436767578
1196,319.8793029785156
1197,319.9621124267578
1198,319.9997100830078
1199,319.994873046875
1200,319.94773864746094
1201,319.7909698486328
1202,319.95301818847656
1203,319.8525085449219
1204,320.2018585205078
1205,320.0716094970703
1206,320.091064453125
1207,320.20867919921875
1208,320.0421447753906
1209,320.07781982421875
1210,320.181396484375
1211,320.18316650390625
1212,320.17225646972656
1213,320.22528076171875
1214,320.20684814453125
1215,320.1750793457031
1216,320.7004089355469
1217,320.92877197265625
1218,320.90008544921875
1219,320.97084045410156
1220,320.89292907714844
1221,320.73114013671875
1222,320.88677978515625
1223,320.9902038574219
1224,320.98699951171875
1225,320.9983367919922
1226,320.91136169433594
1227,321.0495910644531
1228,321.0425567626953
1229,320.8682861328125
1230,321.08648681640625
1231,321.0649719238281
1232,321.0382843017578
1233,320.95860290527344
1234,321.08253479003906
1235,321.2462158203125
1236,321.16224670410156
1237,321.15403747558594
1238,321.0107116699219
1239,321.18572998046875
1240,321.24432373046875
1241,321.0024871826172
1242,321.3771209716797
1243,321.1602020263672
1244,321.1796569824219
1245,321.17144775390625
1246,321.0362854003906
1247,321.2974090576172
1248,321.0639343261719
1249,321.3219757080078
1250,321.22247314453125
1251,321.38551330566406
1252,321.3159637451172
1253,321.1531524658203
1254,321.3505859375
1255,321.2359313964844
1256,321.40391540527344
1257,321.1814727783203
1258,321.20013427734375
1259,321.3834228515625
1260,321.2431335449219
1261,321.5536346435547
1262,321.41807556152344
1263,321.46124267578125
1264,321.40098571777344
1265,321.3066101074219
1266,321.4520263671875
1267,321.31903076171875
1268,321.5583953857422
1269,321.5749206542969
1270,321.37010192871094
1271,321.57264709472656
1272,321.734619140625
1273,321.5950622558594
1274,321.47251892089844
1275,321.40818786621094
1276,321.6925964355469
1277,321.67628479003906
1278,321.6190948486328
1279,321.54112243652344
1280,321.5848388671875
1281,345.8242645263672
1282,345.71673583984375
1283,346.1548156738281
1284,345.73939514160156
1285,345.7367401123047
1286,345.7771453857422
1287,345.79779052734375
1288,345.80889892578125
1289,345.84906005859375
1290,345.9235382080078
1291,345.83946228027344
1292,345.92962646484375
1293,345.9329833984375
1294,345.87635803222656
1295,345.9860382080078
1296,346.3567657470703
1297,345.7669219970703
1298,345.93585205078125
1299,346.0833282470703
1300,346.0690002441406
1301,346.1468200683594
1302,346.1969909667969
1303,346.16534423828125
1304,345.9162292480469
1305,346.07911682128906
1306,346.11737060546875
1307,346.1877746582031
1308,346.48370361328125
1309,346.0147247314453
1310,346.1468200683594
1311,346.2217559814453
1312,346.2657012939453
1313,346.2286376953125
1314,346.1724090576172
1315,346.2458801269531
1316,346.2216339111328
1317,346.33567810058594
1318,346.34034729003906
1319,346.69862365722656
1320,346.2266845703125
1321,346.4090576171875
1322,346.5552062988281
1323,346.3680114746094
1324,346.3964538574219
1325,346.3917999267578
1326,346.47235107421875
1327,346.4826965332031
1328,346.3657989501953
1329,346.4520568847656
1330,346.55763244628906
1331,346.93202209472656
1332,346.5400390625
1333,346.65167236328125
1334,346.5572052001953
1335,346.50726318359375
1336,346.6179504394531
1337,346.5584716796875
1338,346.64959716796875
1339,346.5995178222656
1340,347.00367736816406
1341,346.43577575683594
1342,346.6341094970703
1343,346.6997833251953
1344,346.72434997558594
1345,347.45140075683594
1346,347.325439453125
1347,347.62322998046875
1348,347.421630859375
1349,347.4132080078125
1350,347.84568786621094
1351,347.53330993652344
1352,347.720703125
1353,347.5599365234375
1354,347.76153564453125
1355,347.5478057861328
1356,347.60601806640625
1357,347.5968017578125
1358,347.9582824707031
1359,347.5149841308594
1360,347.6150360107422
1361,347.6646423339844
1362,347.6610565185547
1363,347.75640869140625
1364,347.7431335449219
1365,347.8017578125
1366,348.1190490722656
1367,347.68812561035156
1368,347.7893524169922
1369,347.79750061035156
1370,347.8988800048828
1371,347.63059997558594
1372,347.821044921875
1373,347.936767578125
1374,348.3392028808594
1375,347.65208435058594
1376,347.78326416015625
1377,347.89068603515625
1378,347.88134765625
1379,348.1138916015625
1380,347.91517639160156
1381,347.94383239746094
1382,348.32989501953125
1383,347.85894775390625
1384,348.14373779296875
1385,348.16102600097656
1386,348.2337341308594
1387,347.9875793457031
1388,348.11692810058594
1389,348.21629333496094
1390,348.13023376464844
1391,348.6914520263672
1392,348.31439208984375
1393,348.2705993652344
1394,348.2531280517578
1395,348.2192077636719
1396,348.2931213378906
1397,348.3197479248047
1398,348.6382141113281
1399,348.6760559082031
1400,348.35865783691406
1401,348.33013916015625
1402,348.34637451171875
1403,348.23167419433594
1404,348.3525085449219
1405,348.8570861816406
1406,348.4550018310547
1407,348.631103515625
1408,348.4611511230469
1409,377.674560546875
1410,377.67987060546875
1411,377.85292053222656
1412,377.7003479003906
1413,377.86317443847656
1414,377.9011535644531
1415,377.98809814453125
1416,377.9318389892578
1417,377.7648620605469
1418,378.14476013183594
1419,377.7879333496094
1420,377.8815612792969
1421,377.8609924316406
1422,377.8869171142578
1423,377.7832946777344
1424,377.818115234375
1425,378.23692321777344
1426,377.8909454345703
1427,377.8672637939453
1428,377.9246063232422
1429,377.9860534667969
1430,377.9491882324219
1431,377.96441650390625
1432,378.0126647949219
1433,378.2838134765625
1434,378.0280303955078
1435,378.0002899169922
1436,378.0679626464844
1437,378.0527038574219
1438,378.0648956298828
1439,378.10150146484375
1440,378.4048309326172
1441,378.40077209472656
1442,378.181640625
1443,378.10809326171875
1444,378.2266845703125
1445,378.18572998046875
1446,378.14588928222656
1447,378.23193359375
1448,378.2668762207031
1449,378.29937744140625
1450,378.28089904785156
1451,378.50848388671875
1452,378.3536376953125
1453,378.4333953857422
1454,378.32908630371094
1455,378.3751678466797
1456,378.5983428955078
1457,378.364990234375
1458,378.387451171875
1459,378.42637634277344
1460,378.6609191894531
1461,378.5030975341797
1462,378.4303436279297
1463,378.4857482910156
1464,378.88934326171875
1465,378.5963439941406
1466,378.6435241699219
1467,378.53184509277344
1468,378.461181640625
1469,378.4931182861328
1470,378.57891845703125
1471,378.8768615722656
1472,378.82470703125
1473,379.4432067871094
1474,379.4513702392578
1475,379.5036163330078
1476,379.9377899169922
1477,379.42271423339844
1478,379.4482879638672
1479,379.4941101074219
1480,379.85997009277344
1481,379.64288330078125
1482,379.5442810058594
1483,379.5271759033203
1484,380.04229736328125
1485,379.5658264160156
1486,379.5547180175781
1487,379.58348083496094
1488,380.08326721191406
1489,379.8620147705078
1490,379.6273956298828
1491,379.673828125
1492,379.7217254638672
1493,380.04530334472656
1494,379.69110107421875
1495,379.7596130371094
1496,379.74937438964844
1497,380.1364440917969
1498,379.83949279785156
1499,379.8056945800781
1500,379.8016052246094
1501,380.13848876953125
1502,380.2265625
1503,379.7953338623047
1504,379.81590270996094
1505,379.90098571777344
1506,380.1497344970703
1507,379.87738037109375
1508,379.8691864013672
1509,380.0535125732422
1510,380.30540466308594
1511,379.96543884277344
1512,379.99102783203125
1513,380.09242248535156
1514,380.3299865722656
1515,380.53773498535156
1516,380.16835021972656
1517,380.04429626464844
1518,380.4405822753906
1519,380.59007263183594
1520,380.3023376464844
1521,380.08038330078125
1522,380.21746826171875
1523,380.25721740722656
1524,380.45286560058594
1525,380.108642578125
1526,380.25917053222656
1527,380.3207702636719
1528,380.63719177246094
1529,380.12109375
1530,380.235595703125
1531,380.3984680175781
1532,380.5542297363281
1533,380.62384033203125
1534,380.34422302246094
1535,380.4004211425781
1536,380.48973083496094
1537,411.0837707519531
1538,410.72645568847656
1539,411.1083526611328
1540,411.2209930419922
1541,410.7991027832031
1542,411.20262145996094
1543,410.8001251220703
1544,410.8687286376953
1545,411.2947235107422
1546,410.8490295410156
1547,411.1892547607422
1548,410.90663146972656
1549,411.1513671875
1550,411.329345703125
1551,410.90757751464844
1552,411.3551330566406
1553,410.91685485839844
1554,411.34796142578125
1555,411.3918762207031
1556,410.9916229248047
1557,411.39508056640625
1558,411.05101013183594
1559,411.43603515625
1560,411.46876525878906
1561,411.07635498046875
1562,411.4637145996094
1563,411.1339569091797
1564,411.09788513183594
1565,411.7010192871094
1566,411.1288299560547
1567,411.5433654785156
1568,411.34080505371094
1569,411.58026123046875
1570,411.6142120361328
1571,411.27320861816406
1572,411.27305603027344
1573,411.26792907714844
1574,411.3437957763672
1575,411.76470947265625
1576,411.2865295410156
1577,411.3756103515625
1578,411.31724548339844
1579,411.4174041748047
1580,411.4708557128906
1581,411.51686096191406
1582,411.7391357421875
1583,411.43910217285156
1584,411.5179443359375
1585,411.45855712890625
1586,411.69203186035156
1587,411.92857360839844
1588,411.60198974609375
1589,411.5968017578125
1590,411.5671081542969
1591,411.56915283203125
1592,411.5824890136719
1593,411.64659118652344
1594,411.67462158203125
1595,411.66624450683594
1596,411.6275177001953
1597,412.18141174316406
1598,411.7584533691406
1599,411.9295959472656
1600,411.6848602294922
1601,412.6515197753906
1602,412.50201416015625
1603,412.63002014160156
1604,412.9494934082031
1605,412.5368347167969
1606,412.8624572753906
1607,412.6054382324219
1608,412.8212127685547
1609,412.611572265625
1610,412.8204803466797
1611,412.9761199951172
1612,412.69049072265625
1613,412.99847412109375
1614,412.80409240722656
1615,413.1297302246094
1616,412.7774658203125
1617,413.2363739013672
1618,412.9996795654297
1619,412.85939025878906
1620,413.1932067871094
1621,412.8501892089844
1622,413.206298828125
1623,412.8534393310547
1624,413.27410888671875
1625,412.89910888671875
1626,413.2668762207031
1627,413.3570556640625
1628,412.95452880859375
1629,413.34681701660156
1630,412.95257568359375
1631,413.41139221191406
1632,412.99046325683594
1633,413.37843322753906
1634,413.0649871826172
1635,413.14508056640625
1636,413.3446044921875
1637,413.1082305908203
1638,413.3324737548828
1639,413.1041259765625
1640,413.42771911621094
1641,413.1062469482422
1642,413.3949432373047
1643,413.43280029296875
1644,413.159423828125
1645,413.6958465576172
1646,413.3100128173828
1647,413.44000244140625
1648,413.3683166503906
1649,413.3414306640625
1650,413.3089294433594
1651,413.6161193847656
1652,413.5352325439453
1653,413.35166931152344
1654,413.7880096435547
1655,413.37525939941406
1656,413.7256317138672
1657,413.3816375732422
1658,413.7963562011719
1659,413.44715881347656
1660,413.78099060058594
1661,413.8506317138672
1662,413.51475524902344
1663,414.10047912597656
1664,413.4881896972656
1665,456.0893859863281
1666,456.04278564453125
1667,456.1254425048828
1668,456.1141662597656
1669,456.17759704589844
1670,456.1836395263672
1671,456.23500061035156
1672,456.16514587402344
1673,456.1674346923828
1674,456.24220275878906
1675,456.2259521484375
1676,456.30873107910156
1677,456.2513885498047
1678,456.3558349609375
1679,456.3282470703125
1680,456.3251495361328
1681,456.3495635986328
1682,456.3201599121094
1683,456.3118133544922
1684,456.42137145996094
1685,456.38563537597656
1686,456.460205078125
1687,456.5473937988281
1688,456.38450622558594
1689,456.45391845703125
1690,456.5043182373047
1691,456.43060302734375
1692,456.4541320800781
1693,456.52577209472656
1694,456.54608154296875
1695,456.5443572998047
1696,456.4776916503906
1697,456.6016540527344
1698,456.6049346923828
1699,456.5841979980469
1700,456.6077423095703
1701,456.6181335449219
1702,456.627197265625
1703,456.66278076171875
1704,456.6886444091797
1705,456.6681671142578
1706,456.71629333496094
1707,456.77259826660156
1708,456.8377380371094
1709,456.76953125
1710,456.8442840576172
1711,456.76544189453125
1712,456.85328674316406
1713,456.8043518066406
1714,456.77162170410156
1715,456.8914031982422
1716,456.8638458251953
1717,456.9373779296875
1718,456.8891296386719
1719,456.8811492919922
1720,456.8739929199219
1721,456.89356994628906
1722,456.9876403808594
1723,457.03167724609375
1724,456.9886016845703
1725,457.0018768310547
1726,457.05308532714844
1727,457.0234832763672
1728,457.0818786621094
1729,457.9676208496094
1730,457.9523010253906
1731,458.0331573486328
1732,458.01402282714844
1733,458.16319274902344
1734,458.11097717285156
1735,458.0413513183594
1736,458.0536346435547
1737,458.09765625
1738,458.10768127441406
1739,458.17857360839844
1740,458.1682586669922
1741,458.1476135253906
1742,458.2144012451172
1743,458.3178253173828
1744,458.22259521484375
1745,458.23692321777344
1746,458.2932586669922
1747,458.3044128417969
1748,458.28504943847656
1749,458.3138885498047
1750,458.3751678466797
1751,458.31373596191406
1752,458.3669738769531
1753,458.38841247558594
1754,458.4478759765625
1755,458.4273986816406
1756,458.3916015625
1757,458.5185241699219
1758,458.434814453125
1759,458.4867858886719
1760,458.4920654296875
1761,458.4918212890625
1762,458.54803466796875
1763,458.5736389160156
1764,458.5022735595703
1765,458.5645446777344
1766,458.51954650878906
1767,458.62184143066406
1768,458.6209259033203
1769,458.6385955810547
1770,458.62611389160156
1771,458.714111328125
1772,458.65985107421875
1773,458.7274169921875
1774,458.7183074951172
1775,458.73760986328125
1776,458.6794891357422
1777,458.7509765625
1778,458.76963806152344
1779,458.77862548828125
1780,458.79685974121094
1781,458.8643798828125
1782,458.7491912841797
1783,458.9150085449219
1784,458.88612365722656
1785,458.93223571777344
1786,458.8964538574219
1787,458.90663146972656
1788,458.87078857421875
1789,458.9414367675781
1790,458.9414367675781
1791,458.99058532714844
1792,458.8952331542969
1793,473.1042785644531
1794,473.57554626464844
1795,473.1320037841797
1796,473.35935974121094
1797,473.5078430175781
1798,473.16944885253906
1799,473.44537353515625
1800,473.6573486328125
1801,473.1883544921875
1802,473.482177734375
1803,473.7064971923828
1804,473.2652130126953
1805,473.4146423339844
1806,473.7197723388672
1807,473.4473571777344
1808,473.6145324707031
1809,473.3920593261719
1810,473.5025634765625
1811,473.628662109375
1812,473.4301300048828
1813,473.6327667236328
1814,473.75587463378906
1815,473.3603820800781
1816,473.6110076904297
1817,473.51808166503906
1818,473.4187469482422
1819,473.6376953125
1820,473.8908233642578
1821,473.55474853515625
1822,473.6787872314453
1823,473.4268341064453
1824,473.5506286621094
1825,473.62969970703125
1826,474.06898498535156
1827,473.6348114013672
1828,473.8334655761719
1829,473.61024475097656
1830,473.79966735839844
1831,473.9952697753906
1832,473.73712158203125
1833,473.76795959472656
1834,473.9312286376953
1835,473.72802734375
1836,473.91746520996094
1837,474.11106872558594
1838,473.74131774902344
1839,473.90208435058594
1840,474.04058837890625
1841,473.8855285644531
1842,474.02394104003906
1843,474.2203826904297
1844,473.8518981933594
1845,474.05877685546875
1846,474.2143859863281
1847,473.95738220214844
1848,473.96978759765625
1849,473.89593505859375
1850,474.13043212890625
1851,474.18470764160156
1852,474.31280517578125
1853,474.0834045410156
1854,474.1875457763672
1855,474.39666748046875
1856,474.1949462890625
1857,475.1778259277344
1858,475.49440002441406
1859,475.1103973388672
1860,475.2140808105469
1861,475.2187805175781
1862,475.61334228515625
1863,475.1339569091797
1864,475.3887939453125
1865,475.515869140625
1866,475.1994934082031
1867,475.39404296875
1868,475.50140380859375
1869,475.2568359375
1870,475.5087432861328
1871,475.6539764404297
1872,475.30580139160156
1873,475.34783935546875
1874,475.48524475097656
1875,475.8149108886719
1876,475.31642150878906
1877,475.5343322753906
1878,475.89170837402344
1879,475.4196472167969
1880,475.5169677734375
1881,475.6613006591797
1882,475.3233947753906
1883,475.72691345214844
1884,475.6592712402344
1885,475.4923553466797
1886,475.5867462158203
1887,475.6684875488281
1888,476.0217590332031
1889,475.6182098388672
1890,475.7882843017578
1891,476.09344482421875
1892,475.51487731933594
1893,475.7637176513672
1894,475.8886413574219
1895,475.63673400878906
1896,475.7625274658203
1897,475.91119384765625
1898,476.056396484375
1899,475.76576232910156
1900,475.85997009277344
1901,476.0719299316406
1902,475.84051513671875
1903,475.9584197998047
1904,476.0412292480469
1905,476.12620544433594
1906,475.757568359375
1907,476.13746643066406
1908,476.2449951171875
1909,475.7831726074219
1910,475.95928955078125
1911,476.1424255371094
1912,476.3032531738281
1913,475.95928955078125
1914,476.3473815917969
1915,476.3239440917969
1916,475.8681640625
1917,476.0432586669922
1918,476.21221923828125
1919,476.63316345214844
1920,475.9807891845703
1921,505.788330078125
1922,505.87135314941406
1923,505.96482849121094
1924,505.9747772216797
1925,505.8263397216797
1926,505.7339172363281
1927,505.8711700439453
1928,505.8879089355469
1929,505.79954528808594
1930,506.0680389404297
1931,505.8848876953125
1932,505.9388122558594
1933,506.13758850097656
1934,506.0271453857422
1935,505.90309143066406
1936,506.13453674316406
1937,506.127197265625
1938,505.98707580566406
1939,506.2932434082031
1940,506.1846923828125
1941,506.02394104003906
1942,506.1007080078125
1943,506.3557891845703
1944,506.1325378417969
1945,506.1896057128906
1946,506.26953125
1947,506.2830047607422
1948,506.11199951171875
1949,506.43251037597656
1950,506.3936004638672
1951,506.20233154296875
1952,506.5911102294922
1953,506.3997497558594
1954,506.27052307128906
1955,506.2952575683594
1956,506.4601593017578
1957,506.32098388671875
1958,506.4466094970703
1959,506.4252471923828
1960,506.4549102783203
1961,506.714111328125
1962,506.53900146484375
1963,506.5198059082031
1964,506.5175018310547
1965,506.6649627685547
1966,506.586181640625
1967,506.48985290527344
1968,506.76121520996094
1969,506.5717468261719
1970,506.5388488769531
1971,506.84800720214844
1972,506.6209259033203
1973,506.5594787597656
1974,506.7632598876953
1975,506.7684783935547
1976,506.5583038330078
1977,506.85743713378906
1978,506.7325439453125
1979,506.69056701660156
1980,507.0274658203125
1981,506.7366485595703
1982,506.6780700683594
1983,507.1114196777344
1984,506.7940979003906
1985,507.7145690917969
1986,508.0494079589844
1987,508.01365661621094
1988,507.77183532714844
1989,508.2523193359375
1990,507.9785614013672
1991,507.9408721923828
1992,508.16082763671875
1993,507.8393249511719
1994,507.95509338378906
1995,508.08213806152344
1996,508.03814697265625
1997,507.9786834716797
1998,508.22119140625
1999,507.9920654296875
2000,508.1845397949219
2001,508.2523193359375
2002,508.13645935058594
2003,508.45184326171875
2004,508.19993591308594
2005,508.19378662109375
2006,508.2337188720703
2007,508.2972106933594
2008,508.2030029296875
2009,508.4129333496094
2010,508.2510681152344
2011,508.1722869873047
2012,508.3700408935547
2013,508.26751708984375
2014,508.63726806640625
2015,508.55833435058594
2016,508.2705841064453
2017,508.5972442626953
2018,508.516357421875
2019,508.46412658691406
2020,508.48973083496094
2021,508.5091857910156
2022,508.3451843261719
2023,508.62489318847656
2024,508.35968017578125
2025,508.73036193847656
2026,508.5847625732422
2027,508.46412658691406
2028,508.7825927734375
2029,508.5030059814453
2030,508.6298522949219
2031,508.837890625
2032,508.7744140625
2033,508.5931396484375
2034,508.8890838623047
2035,508.695556640625
2036,508.8990020751953
2037,508.89097595214844
2038,508.6065216064453
2039,508.9443817138672
2040,508.70472717285156
2041,508.8501739501953
2042,508.9280090332031
2043,508.80931091308594
2044,509.1819763183594
2045,508.81512451171875
2046,508.74169921875
2047,509.0375671386719
2048,508.74169921875
